index_code,date,source,error,failure_table
000010.SH,2026-04-17,tushare,empty,tushare_failures
000015.SH,2026-04-17,tushare,empty,tushare_failures
000016.SH,2026-04-17,tushare,empty,tushare_failures
000050.SH,2026-04-17,tushare,empty,tushare_failures
000300.SH,2014-01-30,tushare,empty,tushare_failures
000300.SH,2014-02-28,tushare,empty,tushare_failures
000300.SH,2014-03-31,tushare,empty,tushare_failures
000300.SH,2014-04-30,tushare,empty,tushare_failures
000300.SH,2014-05-30,tushare,empty,tushare_failures
000300.SH,2014-06-30,tushare,empty,tushare_failures
000300.SH,2014-07-31,tushare,empty,tushare_failures
000300.SH,2014-08-29,tushare,empty,tushare_failures
000300.SH,2014-09-30,tushare,empty,tushare_failures
000300.SH,2014-10-31,tushare,empty,tushare_failures
000300.SH,2014-11-28,tushare,empty,tushare_failures
000300.SH,2014-12-31,tushare,empty,tushare_failures
000300.SH,2015-01-30,tushare,empty,tushare_failures
000300.SH,2015-02-27,tushare,empty,tushare_failures
000300.SH,2015-03-31,tushare,empty,tushare_failures
000300.SH,2015-04-30,tushare,empty,tushare_failures
000300.SH,2015-05-29,tushare,empty,tushare_failures
000300.SH,2015-06-30,tushare,empty,tushare_failures
000300.SH,2015-07-31,tushare,empty,tushare_failures
000300.SH,2015-08-31,tushare,empty,tushare_failures
000300.SH,2015-09-30,tushare,empty,tushare_failures
000300.SH,2015-10-30,tushare,empty,tushare_failures
000300.SH,2015-11-30,tushare,empty,tushare_failures
000300.SH,2015-12-31,tushare,empty,tushare_failures
000510.CSI,2014-01-30,tushare,empty,tushare_failures
000510.CSI,2014-02-28,tushare,empty,tushare_failures
000510.CSI,2014-03-31,tushare,empty,tushare_failures
000510.CSI,2014-04-30,tushare,empty,tushare_failures
000510.CSI,2014-05-30,tushare,empty,tushare_failures
000510.CSI,2014-06-30,tushare,empty,tushare_failures
000510.CSI,2014-07-31,tushare,empty,tushare_failures
000510.CSI,2014-08-29,tushare,empty,tushare_failures
000510.CSI,2014-09-30,tushare,empty,tushare_failures
000510.CSI,2014-10-31,tushare,empty,tushare_failures
000510.CSI,2014-11-28,tushare,empty,tushare_failures
000510.CSI,2014-12-31,tushare,empty,tushare_failures
000510.CSI,2015-01-30,tushare,empty,tushare_failures
000510.CSI,2015-02-27,tushare,empty,tushare_failures
000510.CSI,2015-03-31,tushare,empty,tushare_failures
000510.CSI,2015-04-30,tushare,empty,tushare_failures
000510.CSI,2015-05-29,tushare,empty,tushare_failures
000510.CSI,2015-06-30,tushare,empty,tushare_failures
000510.CSI,2015-07-31,tushare,empty,tushare_failures
000510.CSI,2015-08-31,tushare,empty,tushare_failures
000510.CSI,2015-09-30,tushare,empty,tushare_failures
000510.CSI,2015-10-30,tushare,empty,tushare_failures
000510.CSI,2015-11-30,tushare,empty,tushare_failures
000510.CSI,2015-12-31,tushare,empty,tushare_failures
000510.CSI,2016-01-29,tushare,empty,tushare_failures
000510.CSI,2016-02-29,tushare,empty,tushare_failures
000510.CSI,2016-03-31,tushare,empty,tushare_failures
000510.CSI,2016-04-29,tushare,empty,tushare_failures
000510.CSI,2016-05-31,tushare,empty,tushare_failures
000510.CSI,2016-06-30,tushare,empty,tushare_failures
000510.CSI,2016-07-29,tushare,empty,tushare_failures
000510.CSI,2016-08-31,tushare,empty,tushare_failures
000510.CSI,2016-09-30,tushare,empty,tushare_failures
000510.CSI,2016-10-31,tushare,empty,tushare_failures
000510.CSI,2016-11-30,tushare,empty,tushare_failures
000510.CSI,2016-12-30,tushare,empty,tushare_failures
000510.CSI,2017-01-26,tushare,empty,tushare_failures
000510.CSI,2017-02-28,tushare,empty,tushare_failures
000510.CSI,2017-03-31,tushare,empty,tushare_failures
000510.CSI,2017-04-28,tushare,empty,tushare_failures
000510.CSI,2017-05-31,tushare,empty,tushare_failures
000510.CSI,2017-06-30,tushare,empty,tushare_failures
000510.CSI,2017-07-31,tushare,empty,tushare_failures
000510.CSI,2017-08-31,tushare,empty,tushare_failures
000510.CSI,2017-09-29,tushare,empty,tushare_failures
000510.CSI,2017-10-31,tushare,empty,tushare_failures
000510.CSI,2017-11-30,tushare,empty,tushare_failures
000510.CSI,2017-12-29,tushare,empty,tushare_failures
000510.CSI,2018-01-31,tushare,empty,tushare_failures
000510.CSI,2018-02-28,tushare,empty,tushare_failures
000510.CSI,2018-03-30,tushare,empty,tushare_failures
000510.CSI,2018-04-27,tushare,empty,tushare_failures
000510.CSI,2018-05-31,tushare,empty,tushare_failures
000510.CSI,2018-06-29,tushare,empty,tushare_failures
000510.CSI,2018-07-31,tushare,empty,tushare_failures
000510.CSI,2018-08-31,tushare,empty,tushare_failures
000510.CSI,2018-09-28,tushare,empty,tushare_failures
000510.CSI,2018-10-31,tushare,empty,tushare_failures
000510.CSI,2018-11-30,tushare,empty,tushare_failures
000510.CSI,2018-12-28,tushare,empty,tushare_failures
000510.CSI,2019-01-31,tushare,empty,tushare_failures
000510.CSI,2019-02-28,tushare,empty,tushare_failures
000510.CSI,2019-03-29,tushare,empty,tushare_failures
000510.CSI,2019-04-30,tushare,empty,tushare_failures
000510.CSI,2019-05-31,tushare,empty,tushare_failures
000510.CSI,2019-06-28,tushare,empty,tushare_failures
000510.CSI,2019-07-31,tushare,empty,tushare_failures
000510.CSI,2019-08-30,tushare,empty,tushare_failures
000510.CSI,2019-09-30,tushare,empty,tushare_failures
000510.CSI,2019-10-31,tushare,empty,tushare_failures
000510.CSI,2019-11-29,tushare,empty,tushare_failures
000510.CSI,2019-12-31,tushare,empty,tushare_failures
000510.CSI,2020-01-23,tushare,empty,tushare_failures
000510.CSI,2020-02-28,tushare,empty,tushare_failures
000510.CSI,2020-03-31,tushare,empty,tushare_failures
000510.CSI,2020-04-30,tushare,empty,tushare_failures
000510.CSI,2020-05-29,tushare,empty,tushare_failures
000510.CSI,2020-06-30,tushare,empty,tushare_failures
000510.CSI,2020-07-31,tushare,empty,tushare_failures
000510.CSI,2020-08-31,tushare,empty,tushare_failures
000510.CSI,2020-09-30,tushare,empty,tushare_failures
000510.CSI,2020-10-30,tushare,empty,tushare_failures
000510.CSI,2020-11-30,tushare,empty,tushare_failures
000510.CSI,2020-12-31,tushare,empty,tushare_failures
000510.CSI,2021-01-29,tushare,empty,tushare_failures
000510.CSI,2021-02-26,tushare,empty,tushare_failures
000510.CSI,2021-03-31,tushare,empty,tushare_failures
000510.CSI,2021-04-30,tushare,empty,tushare_failures
000510.CSI,2021-05-31,tushare,empty,tushare_failures
000510.CSI,2021-06-30,tushare,empty,tushare_failures
000510.CSI,2021-07-30,tushare,empty,tushare_failures
000510.CSI,2021-08-31,tushare,empty,tushare_failures
000510.CSI,2021-09-30,tushare,empty,tushare_failures
000510.CSI,2021-10-29,tushare,empty,tushare_failures
000510.CSI,2021-11-30,tushare,empty,tushare_failures
000510.CSI,2021-12-31,tushare,empty,tushare_failures
000510.CSI,2022-01-28,tushare,empty,tushare_failures
000510.CSI,2022-02-28,tushare,empty,tushare_failures
000510.CSI,2022-03-31,tushare,empty,tushare_failures
000510.CSI,2022-04-29,tushare,empty,tushare_failures
000510.CSI,2022-05-31,tushare,empty,tushare_failures
000510.CSI,2022-06-30,tushare,empty,tushare_failures
000510.CSI,2022-07-29,tushare,empty,tushare_failures
000510.CSI,2022-08-31,tushare,empty,tushare_failures
000510.CSI,2022-09-30,tushare,empty,tushare_failures
000510.CSI,2022-10-31,tushare,empty,tushare_failures
000510.CSI,2022-11-30,tushare,empty,tushare_failures
000510.CSI,2022-12-30,tushare,empty,tushare_failures
000510.CSI,2023-01-31,tushare,empty,tushare_failures
000510.CSI,2023-02-28,tushare,empty,tushare_failures
000510.CSI,2023-03-31,tushare,empty,tushare_failures
000510.CSI,2023-04-28,tushare,empty,tushare_failures
000510.CSI,2023-05-31,tushare,empty,tushare_failures
000510.CSI,2023-06-30,tushare,empty,tushare_failures
000510.CSI,2023-07-31,tushare,empty,tushare_failures
000510.CSI,2023-08-31,tushare,empty,tushare_failures
000510.CSI,2023-09-28,tushare,empty,tushare_failures
000510.CSI,2023-10-31,tushare,empty,tushare_failures
000510.CSI,2023-11-30,tushare,empty,tushare_failures
000510.CSI,2023-12-29,tushare,empty,tushare_failures
000510.CSI,2024-01-31,tushare,empty,tushare_failures
000510.CSI,2024-02-29,tushare,empty,tushare_failures
000510.CSI,2024-03-29,tushare,empty,tushare_failures
000510.CSI,2024-04-30,tushare,empty,tushare_failures
000510.CSI,2024-05-31,tushare,empty,tushare_failures
000510.CSI,2024-06-28,tushare,empty,tushare_failures
000510.CSI,2024-07-31,tushare,empty,tushare_failures
000510.CSI,2024-08-30,tushare,empty,tushare_failures
000510.CSI,2024-09-30,tushare,empty,tushare_failures
000510.CSI,2026-04-17,tushare,empty,tushare_failures
000688.SH,2014-01-30,tushare,empty,tushare_failures
000688.SH,2014-02-28,tushare,empty,tushare_failures
000688.SH,2014-03-31,tushare,empty,tushare_failures
000688.SH,2014-04-30,tushare,empty,tushare_failures
000688.SH,2014-05-30,tushare,empty,tushare_failures
000688.SH,2014-06-30,tushare,empty,tushare_failures
000688.SH,2014-07-31,tushare,empty,tushare_failures
000688.SH,2014-08-29,tushare,empty,tushare_failures
000688.SH,2014-09-30,tushare,empty,tushare_failures
000688.SH,2014-10-31,tushare,empty,tushare_failures
000688.SH,2014-11-28,tushare,empty,tushare_failures
000688.SH,2014-12-31,tushare,empty,tushare_failures
000688.SH,2015-01-30,tushare,empty,tushare_failures
000688.SH,2015-02-27,tushare,empty,tushare_failures
000688.SH,2015-03-31,tushare,empty,tushare_failures
000688.SH,2015-04-30,tushare,empty,tushare_failures
000688.SH,2015-05-29,tushare,empty,tushare_failures
000688.SH,2015-06-30,tushare,empty,tushare_failures
000688.SH,2015-07-31,tushare,empty,tushare_failures
000688.SH,2015-08-31,tushare,empty,tushare_failures
000688.SH,2015-09-30,tushare,empty,tushare_failures
000688.SH,2015-10-30,tushare,empty,tushare_failures
000688.SH,2015-11-30,tushare,empty,tushare_failures
000688.SH,2015-12-31,tushare,empty,tushare_failures
000688.SH,2016-01-29,tushare,empty,tushare_failures
000688.SH,2016-02-29,tushare,empty,tushare_failures
000688.SH,2016-03-31,tushare,empty,tushare_failures
000688.SH,2016-04-29,tushare,empty,tushare_failures
000688.SH,2016-05-31,tushare,empty,tushare_failures
000688.SH,2016-06-30,tushare,empty,tushare_failures
000688.SH,2016-07-29,tushare,empty,tushare_failures
000688.SH,2016-08-31,tushare,empty,tushare_failures
000688.SH,2016-09-30,tushare,empty,tushare_failures
000688.SH,2016-10-31,tushare,empty,tushare_failures
000688.SH,2016-11-30,tushare,empty,tushare_failures
000688.SH,2016-12-30,tushare,empty,tushare_failures
000688.SH,2017-01-26,tushare,empty,tushare_failures
000688.SH,2017-02-28,tushare,empty,tushare_failures
000688.SH,2017-03-31,tushare,empty,tushare_failures
000688.SH,2017-04-28,tushare,empty,tushare_failures
000688.SH,2017-05-31,tushare,empty,tushare_failures
000688.SH,2017-06-30,tushare,empty,tushare_failures
000688.SH,2017-07-31,tushare,empty,tushare_failures
000688.SH,2017-08-31,tushare,empty,tushare_failures
000688.SH,2017-09-29,tushare,empty,tushare_failures
000688.SH,2017-10-31,tushare,empty,tushare_failures
000688.SH,2017-11-30,tushare,empty,tushare_failures
000688.SH,2017-12-29,tushare,empty,tushare_failures
000688.SH,2018-01-31,tushare,empty,tushare_failures
000688.SH,2018-02-28,tushare,empty,tushare_failures
000688.SH,2018-03-30,tushare,empty,tushare_failures
000688.SH,2018-04-27,tushare,empty,tushare_failures
000688.SH,2018-05-31,tushare,empty,tushare_failures
000688.SH,2018-06-29,tushare,empty,tushare_failures
000688.SH,2018-07-31,tushare,empty,tushare_failures
000688.SH,2018-08-31,tushare,empty,tushare_failures
000688.SH,2018-09-28,tushare,empty,tushare_failures
000688.SH,2018-10-31,tushare,empty,tushare_failures
000688.SH,2018-11-30,tushare,empty,tushare_failures
000688.SH,2018-12-28,tushare,empty,tushare_failures
000688.SH,2019-01-31,tushare,empty,tushare_failures
000688.SH,2019-02-28,tushare,empty,tushare_failures
000688.SH,2019-03-29,tushare,empty,tushare_failures
000688.SH,2019-04-30,tushare,empty,tushare_failures
000688.SH,2019-05-31,tushare,empty,tushare_failures
000688.SH,2019-06-28,tushare,empty,tushare_failures
000688.SH,2019-07-31,tushare,empty,tushare_failures
000688.SH,2019-08-30,tushare,empty,tushare_failures
000688.SH,2019-09-30,tushare,empty,tushare_failures
000688.SH,2019-10-31,tushare,empty,tushare_failures
000688.SH,2019-11-29,tushare,empty,tushare_failures
000688.SH,2019-12-31,tushare,empty,tushare_failures
000688.SH,2020-01-23,tushare,empty,tushare_failures
000688.SH,2020-02-28,tushare,empty,tushare_failures
000688.SH,2020-03-31,tushare,empty,tushare_failures
000688.SH,2020-04-30,tushare,empty,tushare_failures
000688.SH,2020-05-29,tushare,empty,tushare_failures
000688.SH,2020-06-30,tushare,empty,tushare_failures
000688.SH,2026-04-17,tushare,empty,tushare_failures
000698.SH,2014-01-30,tushare,empty,tushare_failures
000698.SH,2014-02-28,tushare,empty,tushare_failures
000698.SH,2014-03-31,tushare,empty,tushare_failures
000698.SH,2014-04-30,tushare,empty,tushare_failures
000698.SH,2014-05-30,tushare,empty,tushare_failures
000698.SH,2014-06-30,tushare,empty,tushare_failures
000698.SH,2014-07-31,tushare,empty,tushare_failures
000698.SH,2014-08-29,tushare,empty,tushare_failures
000698.SH,2014-09-30,tushare,empty,tushare_failures
000698.SH,2014-10-31,tushare,empty,tushare_failures
000698.SH,2014-11-28,tushare,empty,tushare_failures
000698.SH,2014-12-31,tushare,empty,tushare_failures
000698.SH,2015-01-30,tushare,empty,tushare_failures
000698.SH,2015-02-27,tushare,empty,tushare_failures
000698.SH,2015-03-31,tushare,empty,tushare_failures
000698.SH,2015-04-30,tushare,empty,tushare_failures
000698.SH,2015-05-29,tushare,empty,tushare_failures
000698.SH,2015-06-30,tushare,empty,tushare_failures
000698.SH,2015-07-31,tushare,empty,tushare_failures
000698.SH,2015-08-31,tushare,empty,tushare_failures
000698.SH,2015-09-30,tushare,empty,tushare_failures
000698.SH,2015-10-30,tushare,empty,tushare_failures
000698.SH,2015-11-30,tushare,empty,tushare_failures
000698.SH,2015-12-31,tushare,empty,tushare_failures
000698.SH,2016-01-29,tushare,empty,tushare_failures
000698.SH,2016-02-29,tushare,empty,tushare_failures
000698.SH,2016-03-31,tushare,empty,tushare_failures
000698.SH,2016-04-29,tushare,empty,tushare_failures
000698.SH,2016-05-31,tushare,empty,tushare_failures
000698.SH,2016-06-30,tushare,empty,tushare_failures
000698.SH,2016-07-29,tushare,empty,tushare_failures
000698.SH,2016-08-31,tushare,empty,tushare_failures
000698.SH,2016-09-30,tushare,empty,tushare_failures
000698.SH,2016-10-31,tushare,empty,tushare_failures
000698.SH,2016-11-30,tushare,empty,tushare_failures
000698.SH,2016-12-30,tushare,empty,tushare_failures
000698.SH,2017-01-26,tushare,empty,tushare_failures
000698.SH,2017-02-28,tushare,empty,tushare_failures
000698.SH,2017-03-31,tushare,empty,tushare_failures
000698.SH,2017-04-28,tushare,empty,tushare_failures
000698.SH,2017-05-31,tushare,empty,tushare_failures
000698.SH,2017-06-30,tushare,empty,tushare_failures
000698.SH,2017-07-31,tushare,empty,tushare_failures
000698.SH,2017-08-31,tushare,empty,tushare_failures
000698.SH,2017-09-29,tushare,empty,tushare_failures
000698.SH,2017-10-31,tushare,empty,tushare_failures
000698.SH,2017-11-30,tushare,empty,tushare_failures
000698.SH,2017-12-29,tushare,empty,tushare_failures
000698.SH,2018-01-31,tushare,empty,tushare_failures
000698.SH,2018-02-28,tushare,empty,tushare_failures
000698.SH,2018-03-30,tushare,empty,tushare_failures
000698.SH,2018-04-27,tushare,empty,tushare_failures
000698.SH,2018-05-31,tushare,empty,tushare_failures
000698.SH,2018-06-29,tushare,empty,tushare_failures
000698.SH,2018-07-31,tushare,empty,tushare_failures
000698.SH,2018-08-31,tushare,empty,tushare_failures
000698.SH,2018-09-28,tushare,empty,tushare_failures
000698.SH,2018-10-31,tushare,empty,tushare_failures
000698.SH,2018-11-30,tushare,empty,tushare_failures
000698.SH,2018-12-28,tushare,empty,tushare_failures
000698.SH,2019-01-31,tushare,empty,tushare_failures
000698.SH,2019-02-28,tushare,empty,tushare_failures
000698.SH,2019-03-29,tushare,empty,tushare_failures
000698.SH,2019-04-30,tushare,empty,tushare_failures
000698.SH,2019-05-31,tushare,empty,tushare_failures
000698.SH,2019-06-28,tushare,empty,tushare_failures
000698.SH,2019-07-31,tushare,empty,tushare_failures
000698.SH,2019-08-30,tushare,empty,tushare_failures
000698.SH,2019-09-30,tushare,empty,tushare_failures
000698.SH,2019-10-31,tushare,empty,tushare_failures
000698.SH,2019-11-29,tushare,empty,tushare_failures
000698.SH,2019-12-31,tushare,empty,tushare_failures
000698.SH,2020-01-23,tushare,empty,tushare_failures
000698.SH,2020-02-28,tushare,empty,tushare_failures
000698.SH,2020-03-31,tushare,empty,tushare_failures
000698.SH,2020-04-30,tushare,empty,tushare_failures
000698.SH,2020-05-29,tushare,empty,tushare_failures
000698.SH,2020-06-30,tushare,empty,tushare_failures
000698.SH,2020-07-31,tushare,empty,tushare_failures
000698.SH,2020-08-31,tushare,empty,tushare_failures
000698.SH,2020-09-30,tushare,empty,tushare_failures
000698.SH,2020-10-30,tushare,empty,tushare_failures
000698.SH,2020-11-30,tushare,empty,tushare_failures
000698.SH,2020-12-31,tushare,empty,tushare_failures
000698.SH,2021-01-29,tushare,empty,tushare_failures
000698.SH,2021-02-26,tushare,empty,tushare_failures
000698.SH,2021-03-31,tushare,empty,tushare_failures
000698.SH,2021-04-30,tushare,empty,tushare_failures
000698.SH,2021-05-31,tushare,empty,tushare_failures
000698.SH,2021-06-30,tushare,empty,tushare_failures
000698.SH,2021-07-30,tushare,empty,tushare_failures
000698.SH,2021-08-31,tushare,empty,tushare_failures
000698.SH,2021-09-30,tushare,empty,tushare_failures
000698.SH,2021-10-29,tushare,empty,tushare_failures
000698.SH,2021-11-30,tushare,empty,tushare_failures
000698.SH,2021-12-31,tushare,empty,tushare_failures
000698.SH,2022-01-28,tushare,empty,tushare_failures
000698.SH,2022-02-28,tushare,empty,tushare_failures
000698.SH,2022-03-31,tushare,empty,tushare_failures
000698.SH,2022-04-29,tushare,empty,tushare_failures
000698.SH,2022-05-31,tushare,empty,tushare_failures
000698.SH,2022-06-30,tushare,empty,tushare_failures
000698.SH,2022-07-29,tushare,empty,tushare_failures
000698.SH,2022-08-31,tushare,empty,tushare_failures
000698.SH,2022-09-30,tushare,empty,tushare_failures
000698.SH,2022-10-31,tushare,empty,tushare_failures
000698.SH,2022-11-30,tushare,empty,tushare_failures
000698.SH,2022-12-30,tushare,empty,tushare_failures
000698.SH,2023-01-31,tushare,empty,tushare_failures
000698.SH,2023-02-28,tushare,empty,tushare_failures
000698.SH,2023-03-31,tushare,empty,tushare_failures
000698.SH,2023-04-28,tushare,empty,tushare_failures
000698.SH,2023-05-31,tushare,empty,tushare_failures
000698.SH,2023-06-30,tushare,empty,tushare_failures
000698.SH,2023-07-31,tushare,empty,tushare_failures
000698.SH,2026-04-17,tushare,empty,tushare_failures
000852.SH,2014-01-30,tushare,empty,tushare_failures
000852.SH,2014-02-28,tushare,empty,tushare_failures
000852.SH,2014-03-31,tushare,empty,tushare_failures
000852.SH,2014-04-30,tushare,empty,tushare_failures
000852.SH,2014-05-30,tushare,empty,tushare_failures
000852.SH,2014-06-30,tushare,empty,tushare_failures
000852.SH,2014-07-31,tushare,empty,tushare_failures
000852.SH,2014-08-29,tushare,empty,tushare_failures
000852.SH,2014-09-30,tushare,empty,tushare_failures
000852.SH,2026-04-17,tushare,empty,tushare_failures
000905.SH,2026-04-17,tushare,empty,tushare_failures
000906.SH,2026-04-17,tushare,empty,tushare_failures
000922.SH,2018-12-28,tushare,empty,tushare_failures
000922.SH,2019-01-31,tushare,empty,tushare_failures
000922.SH,2019-02-28,tushare,empty,tushare_failures
000922.SH,2019-03-29,tushare,empty,tushare_failures
000922.SH,2019-04-30,tushare,empty,tushare_failures
000922.SH,2019-05-31,tushare,empty,tushare_failures
000922.SH,2019-06-28,tushare,empty,tushare_failures
000922.SH,2019-07-31,tushare,empty,tushare_failures
000922.SH,2019-08-30,tushare,empty,tushare_failures
000922.SH,2019-09-30,tushare,empty,tushare_failures
000922.SH,2019-10-31,tushare,empty,tushare_failures
000922.SH,2019-11-29,tushare,empty,tushare_failures
000922.SH,2019-12-31,tushare,empty,tushare_failures
000922.SH,2020-01-23,tushare,empty,tushare_failures
000922.SH,2020-02-28,tushare,empty,tushare_failures
000922.SH,2020-03-31,tushare,empty,tushare_failures
000922.SH,2020-04-30,tushare,empty,tushare_failures
000922.SH,2020-05-29,tushare,empty,tushare_failures
000922.SH,2020-06-30,tushare,empty,tushare_failures
000922.SH,2020-07-31,tushare,empty,tushare_failures
000922.SH,2020-08-31,tushare,empty,tushare_failures
000922.SH,2020-09-30,tushare,empty,tushare_failures
000922.SH,2020-10-30,tushare,empty,tushare_failures
000922.SH,2020-11-30,tushare,empty,tushare_failures
000922.SH,2020-12-31,tushare,empty,tushare_failures
000922.SH,2021-01-29,tushare,empty,tushare_failures
000922.SH,2021-02-26,tushare,empty,tushare_failures
000922.SH,2021-03-31,tushare,empty,tushare_failures
000922.SH,2021-04-30,tushare,empty,tushare_failures
000922.SH,2021-05-31,tushare,empty,tushare_failures
000922.SH,2021-06-30,tushare,empty,tushare_failures
000922.SH,2021-07-30,tushare,empty,tushare_failures
000922.SH,2021-08-31,tushare,empty,tushare_failures
000922.SH,2021-09-30,tushare,empty,tushare_failures
000922.SH,2021-10-29,tushare,empty,tushare_failures
000922.SH,2021-11-30,tushare,empty,tushare_failures
000922.SH,2021-12-31,tushare,empty,tushare_failures
000922.SH,2022-01-28,tushare,empty,tushare_failures
000922.SH,2022-02-28,tushare,empty,tushare_failures
000922.SH,2022-03-31,tushare,empty,tushare_failures
000922.SH,2022-04-29,tushare,empty,tushare_failures
000922.SH,2022-05-31,tushare,empty,tushare_failures
000922.SH,2022-06-30,tushare,empty,tushare_failures
000922.SH,2022-07-29,tushare,empty,tushare_failures
000922.SH,2022-08-31,tushare,empty,tushare_failures
000922.SH,2022-09-30,tushare,empty,tushare_failures
000922.SH,2022-10-31,tushare,empty,tushare_failures
000922.SH,2022-11-30,tushare,empty,tushare_failures
000922.SH,2022-12-30,tushare,empty,tushare_failures
000922.SH,2023-01-31,tushare,empty,tushare_failures
000922.SH,2023-02-28,tushare,empty,tushare_failures
000922.SH,2023-03-31,tushare,empty,tushare_failures
000922.SH,2023-04-28,tushare,empty,tushare_failures
000922.SH,2023-05-31,tushare,empty,tushare_failures
000922.SH,2023-06-30,tushare,empty,tushare_failures
000922.SH,2023-07-31,tushare,empty,tushare_failures
000922.SH,2023-08-31,tushare,empty,tushare_failures
000922.SH,2023-09-28,tushare,empty,tushare_failures
000922.SH,2023-10-31,tushare,empty,tushare_failures
000922.SH,2023-11-30,tushare,empty,tushare_failures
000922.SH,2023-12-29,tushare,empty,tushare_failures
000922.SH,2024-01-31,tushare,empty,tushare_failures
000922.SH,2024-02-29,tushare,empty,tushare_failures
000922.SH,2024-03-29,tushare,empty,tushare_failures
000922.SH,2024-04-30,tushare,empty,tushare_failures
000922.SH,2024-05-31,tushare,empty,tushare_failures
000922.SH,2024-06-28,tushare,empty,tushare_failures
000922.SH,2024-07-31,tushare,empty,tushare_failures
000922.SH,2024-08-30,tushare,empty,tushare_failures
000922.SH,2024-09-30,tushare,empty,tushare_failures
000922.SH,2024-10-31,tushare,empty,tushare_failures
000922.SH,2024-11-29,tushare,empty,tushare_failures
000922.SH,2024-12-31,tushare,empty,tushare_failures
000922.SH,2025-01-27,tushare,empty,tushare_failures
000922.SH,2025-02-28,tushare,empty,tushare_failures
000922.SH,2025-03-31,tushare,empty,tushare_failures
000922.SH,2025-04-30,tushare,empty,tushare_failures
000922.SH,2025-05-30,tushare,empty,tushare_failures
000922.SH,2025-06-30,tushare,empty,tushare_failures
000922.SH,2025-07-31,tushare,empty,tushare_failures
000922.SH,2025-08-29,tushare,empty,tushare_failures
000922.SH,2025-09-30,tushare,empty,tushare_failures
000922.SH,2025-10-31,tushare,empty,tushare_failures
000922.SH,2025-11-28,tushare,empty,tushare_failures
000922.SH,2025-12-31,tushare,empty,tushare_failures
000922.SH,2026-01-30,tushare,empty,tushare_failures
000922.SH,2026-02-27,tushare,empty,tushare_failures
000922.SH,2026-03-31,tushare,empty,tushare_failures
000922.SH,2026-04-17,tushare,empty,tushare_failures
000985.CSI,2026-04-17,tushare,empty,tushare_failures
399006.SZ,2026-04-17,tushare,empty,tushare_failures
399330.SZ,2022-06-30,tushare,empty,tushare_failures
399330.SZ,2022-07-29,tushare,empty,tushare_failures
399330.SZ,2023-08-31,tushare,empty,tushare_failures
399330.SZ,2023-10-31,tushare,empty,tushare_failures
399330.SZ,2026-04-17,tushare,empty,tushare_failures
399673.SZ,2014-01-30,tushare,empty,tushare_failures
399673.SZ,2014-02-28,tushare,empty,tushare_failures
399673.SZ,2014-03-31,tushare,empty,tushare_failures
399673.SZ,2014-04-30,tushare,empty,tushare_failures
399673.SZ,2014-05-30,tushare,empty,tushare_failures
399673.SZ,2015-08-31,tushare,empty,tushare_failures
399673.SZ,2019-09-30,tushare,empty,tushare_failures
399673.SZ,2019-10-31,tushare,empty,tushare_failures
399673.SZ,2019-11-29,tushare,empty,tushare_failures
399673.SZ,2019-12-31,tushare,empty,tushare_failures
399673.SZ,2020-03-31,tushare,empty,tushare_failures
399673.SZ,2020-04-30,tushare,empty,tushare_failures
399673.SZ,2020-06-30,tushare,empty,tushare_failures
399673.SZ,2020-07-31,tushare,empty,tushare_failures
399673.SZ,2020-08-31,tushare,empty,tushare_failures
399673.SZ,2020-09-30,tushare,empty,tushare_failures
399673.SZ,2020-10-30,tushare,empty,tushare_failures
399673.SZ,2020-11-30,tushare,empty,tushare_failures
399673.SZ,2020-12-31,tushare,empty,tushare_failures
399673.SZ,2021-01-29,tushare,empty,tushare_failures
399673.SZ,2021-06-30,tushare,empty,tushare_failures
399673.SZ,2021-07-30,tushare,empty,tushare_failures
399673.SZ,2021-09-30,tushare,empty,tushare_failures
399673.SZ,2021-10-29,tushare,empty,tushare_failures
399673.SZ,2021-11-30,tushare,empty,tushare_failures
399673.SZ,2021-12-31,tushare,empty,tushare_failures
399673.SZ,2022-01-28,tushare,empty,tushare_failures
399673.SZ,2022-02-28,tushare,empty,tushare_failures
399673.SZ,2022-03-31,tushare,empty,tushare_failures
399673.SZ,2022-04-29,tushare,empty,tushare_failures
399673.SZ,2022-06-30,tushare,empty,tushare_failures
399673.SZ,2022-07-29,tushare,empty,tushare_failures
399673.SZ,2023-08-31,tushare,empty,tushare_failures
399673.SZ,2023-10-31,tushare,empty,tushare_failures
399673.SZ,2026-04-17,tushare,empty,tushare_failures
899050.BJ,2014-01-30,tushare,empty,tushare_failures
899050.BJ,2014-02-28,tushare,empty,tushare_failures
899050.BJ,2014-03-31,tushare,empty,tushare_failures
899050.BJ,2014-04-30,tushare,empty,tushare_failures
899050.BJ,2014-05-30,tushare,empty,tushare_failures
899050.BJ,2014-06-30,tushare,empty,tushare_failures
899050.BJ,2014-07-31,tushare,empty,tushare_failures
899050.BJ,2014-08-29,tushare,empty,tushare_failures
899050.BJ,2014-09-30,tushare,empty,tushare_failures
899050.BJ,2014-10-31,tushare,empty,tushare_failures
899050.BJ,2014-11-28,tushare,empty,tushare_failures
899050.BJ,2014-12-31,tushare,empty,tushare_failures
899050.BJ,2015-01-30,tushare,empty,tushare_failures
899050.BJ,2015-02-27,tushare,empty,tushare_failures
899050.BJ,2015-03-31,tushare,empty,tushare_failures
899050.BJ,2015-04-30,tushare,empty,tushare_failures
899050.BJ,2015-05-29,tushare,empty,tushare_failures
899050.BJ,2015-06-30,tushare,empty,tushare_failures
899050.BJ,2015-07-31,tushare,empty,tushare_failures
899050.BJ,2015-08-31,tushare,empty,tushare_failures
899050.BJ,2015-09-30,tushare,empty,tushare_failures
899050.BJ,2015-10-30,tushare,empty,tushare_failures
899050.BJ,2015-11-30,tushare,empty,tushare_failures
899050.BJ,2015-12-31,tushare,empty,tushare_failures
899050.BJ,2016-01-29,tushare,empty,tushare_failures
899050.BJ,2016-02-29,tushare,empty,tushare_failures
899050.BJ,2016-03-31,tushare,empty,tushare_failures
899050.BJ,2016-04-29,tushare,empty,tushare_failures
899050.BJ,2016-05-31,tushare,empty,tushare_failures
899050.BJ,2016-06-30,tushare,empty,tushare_failures
899050.BJ,2016-07-29,tushare,empty,tushare_failures
899050.BJ,2016-08-31,tushare,empty,tushare_failures
899050.BJ,2016-09-30,tushare,empty,tushare_failures
899050.BJ,2016-10-31,tushare,empty,tushare_failures
899050.BJ,2016-11-30,tushare,empty,tushare_failures
899050.BJ,2016-12-30,tushare,empty,tushare_failures
899050.BJ,2017-01-26,tushare,empty,tushare_failures
899050.BJ,2017-02-28,tushare,empty,tushare_failures
899050.BJ,2017-03-31,tushare,empty,tushare_failures
899050.BJ,2017-04-28,tushare,empty,tushare_failures
899050.BJ,2017-05-31,tushare,empty,tushare_failures
899050.BJ,2017-06-30,tushare,empty,tushare_failures
899050.BJ,2017-07-31,tushare,empty,tushare_failures
899050.BJ,2017-08-31,tushare,empty,tushare_failures
899050.BJ,2017-09-29,tushare,empty,tushare_failures
899050.BJ,2017-10-31,tushare,empty,tushare_failures
899050.BJ,2017-11-30,tushare,empty,tushare_failures
899050.BJ,2017-12-29,tushare,empty,tushare_failures
899050.BJ,2018-01-31,tushare,empty,tushare_failures
899050.BJ,2018-02-28,tushare,empty,tushare_failures
899050.BJ,2018-03-30,tushare,empty,tushare_failures
899050.BJ,2018-04-27,tushare,empty,tushare_failures
899050.BJ,2018-05-31,tushare,empty,tushare_failures
899050.BJ,2018-06-29,tushare,empty,tushare_failures
899050.BJ,2018-07-31,tushare,empty,tushare_failures
899050.BJ,2018-08-31,tushare,empty,tushare_failures
899050.BJ,2018-09-28,tushare,empty,tushare_failures
899050.BJ,2018-10-31,tushare,empty,tushare_failures
899050.BJ,2018-11-30,tushare,empty,tushare_failures
899050.BJ,2018-12-28,tushare,empty,tushare_failures
899050.BJ,2019-01-31,tushare,empty,tushare_failures
899050.BJ,2019-02-28,tushare,empty,tushare_failures
899050.BJ,2019-03-29,tushare,empty,tushare_failures
899050.BJ,2019-04-30,tushare,empty,tushare_failures
899050.BJ,2019-05-31,tushare,empty,tushare_failures
899050.BJ,2019-06-28,tushare,empty,tushare_failures
899050.BJ,2019-07-31,tushare,empty,tushare_failures
899050.BJ,2019-08-30,tushare,empty,tushare_failures
899050.BJ,2019-09-30,tushare,empty,tushare_failures
899050.BJ,2019-10-31,tushare,empty,tushare_failures
899050.BJ,2019-11-29,tushare,empty,tushare_failures
899050.BJ,2019-12-31,tushare,empty,tushare_failures
899050.BJ,2020-01-23,tushare,empty,tushare_failures
899050.BJ,2020-02-28,tushare,empty,tushare_failures
899050.BJ,2020-03-31,tushare,empty,tushare_failures
899050.BJ,2020-04-30,tushare,empty,tushare_failures
899050.BJ,2020-05-29,tushare,empty,tushare_failures
899050.BJ,2020-06-30,tushare,empty,tushare_failures
899050.BJ,2020-07-31,tushare,empty,tushare_failures
899050.BJ,2020-08-31,tushare,empty,tushare_failures
899050.BJ,2020-09-30,tushare,empty,tushare_failures
899050.BJ,2020-10-30,tushare,empty,tushare_failures
899050.BJ,2020-11-30,tushare,empty,tushare_failures
899050.BJ,2020-12-31,tushare,empty,tushare_failures
899050.BJ,2021-01-29,tushare,empty,tushare_failures
899050.BJ,2021-02-26,tushare,empty,tushare_failures
899050.BJ,2021-03-31,tushare,empty,tushare_failures
899050.BJ,2021-04-30,tushare,empty,tushare_failures
899050.BJ,2021-05-31,tushare,empty,tushare_failures
899050.BJ,2021-06-30,tushare,empty,tushare_failures
899050.BJ,2021-07-30,tushare,empty,tushare_failures
899050.BJ,2021-08-31,tushare,empty,tushare_failures
899050.BJ,2021-09-30,tushare,empty,tushare_failures
899050.BJ,2021-10-29,tushare,empty,tushare_failures
899050.BJ,2021-11-30,tushare,empty,tushare_failures
899050.BJ,2021-12-31,tushare,empty,tushare_failures
899050.BJ,2022-01-28,tushare,empty,tushare_failures
899050.BJ,2022-02-28,tushare,empty,tushare_failures
899050.BJ,2022-03-31,tushare,empty,tushare_failures
899050.BJ,2022-04-29,tushare,empty,tushare_failures
899050.BJ,2022-05-31,tushare,empty,tushare_failures
899050.BJ,2022-06-30,tushare,empty,tushare_failures
899050.BJ,2022-07-29,tushare,empty,tushare_failures
899050.BJ,2022-08-31,tushare,empty,tushare_failures
899050.BJ,2022-09-30,tushare,empty,tushare_failures
899050.BJ,2022-10-31,tushare,empty,tushare_failures
899050.BJ,2022-11-30,tushare,empty,tushare_failures
899050.BJ,2026-04-17,tushare,empty,tushare_failures
932000.CSI,2014-01-30,tushare,empty,tushare_failures
932000.CSI,2014-02-28,tushare,empty,tushare_failures
932000.CSI,2014-03-31,tushare,empty,tushare_failures
932000.CSI,2014-04-30,tushare,empty,tushare_failures
932000.CSI,2014-05-30,tushare,empty,tushare_failures
932000.CSI,2014-06-30,tushare,empty,tushare_failures
932000.CSI,2014-07-31,tushare,empty,tushare_failures
932000.CSI,2014-08-29,tushare,empty,tushare_failures
932000.CSI,2014-09-30,tushare,empty,tushare_failures
932000.CSI,2014-10-31,tushare,empty,tushare_failures
932000.CSI,2014-11-28,tushare,empty,tushare_failures
932000.CSI,2014-12-31,tushare,empty,tushare_failures
932000.CSI,2015-01-30,tushare,empty,tushare_failures
932000.CSI,2015-02-27,tushare,empty,tushare_failures
932000.CSI,2015-03-31,tushare,empty,tushare_failures
932000.CSI,2015-04-30,tushare,empty,tushare_failures
932000.CSI,2015-05-29,tushare,empty,tushare_failures
932000.CSI,2015-06-30,tushare,empty,tushare_failures
932000.CSI,2015-07-31,tushare,empty,tushare_failures
932000.CSI,2015-08-31,tushare,empty,tushare_failures
932000.CSI,2015-09-30,tushare,empty,tushare_failures
932000.CSI,2015-10-30,tushare,empty,tushare_failures
932000.CSI,2015-11-30,tushare,empty,tushare_failures
932000.CSI,2015-12-31,tushare,empty,tushare_failures
932000.CSI,2016-01-29,tushare,empty,tushare_failures
932000.CSI,2016-02-29,tushare,empty,tushare_failures
932000.CSI,2016-03-31,tushare,empty,tushare_failures
932000.CSI,2016-04-29,tushare,empty,tushare_failures
932000.CSI,2016-05-31,tushare,empty,tushare_failures
932000.CSI,2016-06-30,tushare,empty,tushare_failures
932000.CSI,2016-07-29,tushare,empty,tushare_failures
932000.CSI,2016-08-31,tushare,empty,tushare_failures
932000.CSI,2016-09-30,tushare,empty,tushare_failures
932000.CSI,2016-10-31,tushare,empty,tushare_failures
932000.CSI,2016-11-30,tushare,empty,tushare_failures
932000.CSI,2016-12-30,tushare,empty,tushare_failures
932000.CSI,2017-01-26,tushare,empty,tushare_failures
932000.CSI,2017-02-28,tushare,empty,tushare_failures
932000.CSI,2017-03-31,tushare,empty,tushare_failures
932000.CSI,2017-04-28,tushare,empty,tushare_failures
932000.CSI,2017-05-31,tushare,empty,tushare_failures
932000.CSI,2017-06-30,tushare,empty,tushare_failures
932000.CSI,2017-07-31,tushare,empty,tushare_failures
932000.CSI,2017-08-31,tushare,empty,tushare_failures
932000.CSI,2017-09-29,tushare,empty,tushare_failures
932000.CSI,2017-10-31,tushare,empty,tushare_failures
932000.CSI,2017-11-30,tushare,empty,tushare_failures
932000.CSI,2017-12-29,tushare,empty,tushare_failures
932000.CSI,2018-01-31,tushare,empty,tushare_failures
932000.CSI,2018-02-28,tushare,empty,tushare_failures
932000.CSI,2018-03-30,tushare,empty,tushare_failures
932000.CSI,2018-04-27,tushare,empty,tushare_failures
932000.CSI,2018-05-31,tushare,empty,tushare_failures
932000.CSI,2018-06-29,tushare,empty,tushare_failures
932000.CSI,2018-07-31,tushare,empty,tushare_failures
932000.CSI,2018-08-31,tushare,empty,tushare_failures
932000.CSI,2018-09-28,tushare,empty,tushare_failures
932000.CSI,2018-10-31,tushare,empty,tushare_failures
932000.CSI,2018-11-30,tushare,empty,tushare_failures
932000.CSI,2018-12-28,tushare,empty,tushare_failures
932000.CSI,2019-01-31,tushare,empty,tushare_failures
932000.CSI,2019-02-28,tushare,empty,tushare_failures
932000.CSI,2019-03-29,tushare,empty,tushare_failures
932000.CSI,2019-04-30,tushare,empty,tushare_failures
932000.CSI,2019-05-31,tushare,empty,tushare_failures
932000.CSI,2019-06-28,tushare,empty,tushare_failures
932000.CSI,2019-07-31,tushare,empty,tushare_failures
932000.CSI,2019-08-30,tushare,empty,tushare_failures
932000.CSI,2019-09-30,tushare,empty,tushare_failures
932000.CSI,2019-10-31,tushare,empty,tushare_failures
932000.CSI,2019-11-29,tushare,empty,tushare_failures
932000.CSI,2019-12-31,tushare,empty,tushare_failures
932000.CSI,2020-01-23,tushare,empty,tushare_failures
932000.CSI,2020-02-28,tushare,empty,tushare_failures
932000.CSI,2020-03-31,tushare,empty,tushare_failures
932000.CSI,2020-04-30,tushare,empty,tushare_failures
932000.CSI,2020-05-29,tushare,empty,tushare_failures
932000.CSI,2020-06-30,tushare,empty,tushare_failures
932000.CSI,2020-07-31,tushare,empty,tushare_failures
932000.CSI,2020-08-31,tushare,empty,tushare_failures
932000.CSI,2020-09-30,tushare,empty,tushare_failures
932000.CSI,2020-10-30,tushare,empty,tushare_failures
932000.CSI,2020-11-30,tushare,empty,tushare_failures
932000.CSI,2020-12-31,tushare,empty,tushare_failures
932000.CSI,2021-01-29,tushare,empty,tushare_failures
932000.CSI,2021-02-26,tushare,empty,tushare_failures
932000.CSI,2021-03-31,tushare,empty,tushare_failures
932000.CSI,2021-04-30,tushare,empty,tushare_failures
932000.CSI,2021-05-31,tushare,empty,tushare_failures
932000.CSI,2021-06-30,tushare,empty,tushare_failures
932000.CSI,2021-07-30,tushare,empty,tushare_failures
932000.CSI,2021-08-31,tushare,empty,tushare_failures
932000.CSI,2021-09-30,tushare,empty,tushare_failures
932000.CSI,2021-10-29,tushare,empty,tushare_failures
932000.CSI,2021-11-30,tushare,empty,tushare_failures
932000.CSI,2021-12-31,tushare,empty,tushare_failures
932000.CSI,2022-01-28,tushare,empty,tushare_failures
932000.CSI,2022-02-28,tushare,empty,tushare_failures
932000.CSI,2022-03-31,tushare,empty,tushare_failures
932000.CSI,2022-04-29,tushare,empty,tushare_failures
932000.CSI,2022-05-31,tushare,empty,tushare_failures
932000.CSI,2022-06-30,tushare,empty,tushare_failures
932000.CSI,2022-07-29,tushare,empty,tushare_failures
932000.CSI,2022-08-31,tushare,empty,tushare_failures
932000.CSI,2022-09-30,tushare,empty,tushare_failures
932000.CSI,2022-10-31,tushare,empty,tushare_failures
932000.CSI,2022-11-30,tushare,empty,tushare_failures
932000.CSI,2022-12-30,tushare,empty,tushare_failures
932000.CSI,2023-01-31,tushare,empty,tushare_failures
932000.CSI,2023-02-28,tushare,empty,tushare_failures
932000.CSI,2023-03-31,tushare,empty,tushare_failures
932000.CSI,2023-04-28,tushare,empty,tushare_failures
932000.CSI,2023-05-31,tushare,empty,tushare_failures
932000.CSI,2023-06-30,tushare,empty,tushare_failures
932000.CSI,2023-07-31,tushare,empty,tushare_failures
932000.CSI,2023-08-31,tushare,empty,tushare_failures
932000.CSI,2023-09-28,tushare,empty,tushare_failures
932000.CSI,2023-10-31,tushare,empty,tushare_failures
932000.CSI,2023-11-30,tushare,empty,tushare_failures
932000.CSI,2023-12-29,tushare,empty,tushare_failures
932000.CSI,2024-01-31,tushare,empty,tushare_failures
932000.CSI,2024-02-29,tushare,empty,tushare_failures
932000.CSI,2024-03-29,tushare,empty,tushare_failures
932000.CSI,2024-04-30,tushare,empty,tushare_failures
932000.CSI,2024-05-31,tushare,empty,tushare_failures
932000.CSI,2024-06-28,tushare,empty,tushare_failures
932000.CSI,2024-07-31,tushare,empty,tushare_failures
932000.CSI,2024-08-30,tushare,empty,tushare_failures
932000.CSI,2024-09-30,tushare,empty,tushare_failures
932000.CSI,2024-10-31,tushare,empty,tushare_failures
932000.CSI,2024-11-29,tushare,empty,tushare_failures
932000.CSI,2024-12-31,tushare,empty,tushare_failures
932000.CSI,2025-01-27,tushare,empty,tushare_failures
932000.CSI,2025-02-28,tushare,empty,tushare_failures
932000.CSI,2025-03-31,tushare,empty,tushare_failures
932000.CSI,2025-04-30,tushare,empty,tushare_failures
932000.CSI,2025-05-30,tushare,empty,tushare_failures
932000.CSI,2025-06-30,tushare,empty,tushare_failures
932000.CSI,2025-07-31,tushare,empty,tushare_failures
932000.CSI,2025-08-29,tushare,empty,tushare_failures
932000.CSI,2025-09-30,tushare,empty,tushare_failures
932000.CSI,2025-10-31,tushare,empty,tushare_failures
932000.CSI,2025-11-28,tushare,empty,tushare_failures
932000.CSI,2025-12-31,tushare,empty,tushare_failures
932000.CSI,2026-01-30,tushare,empty,tushare_failures
932000.CSI,2026-02-27,tushare,empty,tushare_failures
932000.CSI,2026-03-31,tushare,empty,tushare_failures
932000.CSI,2026-04-17,tushare,empty,tushare_failures
